,City,Country,Date,Specie
10,Stuttgart,DE,2020-01-26,o3
41,Münster,DE,2020-01-27,o3
44,Köln,DE,2020-01-26,o3
47,Kassel,DE,2020-01-29,o3
110,Karlsruhe,DE,2020-01-26,o3
112,Karlsruhe,DE,2020-03-16,pm25
115,Karlsruhe,DE,2020-01-26,no2
117,Dresden,DE,2020-01-31,o3
119,Dresden,DE,2020-01-31,no2
123,Munich,DE,2020-01-26,o3
126,Berlin,DE,2020-01-26,o3
127,Berlin,DE,2020-03-21,o3
172,Düsseldorf,DE,2020-01-31,o3
175,Freiburg,DE,2020-02-10,o3
178,Freiburg,DE,2020-01-26,no2
182,Wiesbaden,DE,2020-01-27,o3
185,Wiesbaden,DE,2020-01-27,no2
189,Augsburg,DE,2020-01-27,o3
193,Darmstadt,DE,2020-01-29,o3
196,Darmstadt,DE,2020-01-29,no2
199,Potsdam,DE,2020-01-31,o3
203,Potsdam,DE,2020-01-31,so2
204,Potsdam,DE,2020-03-15,so2
207,Hamburg,DE,2020-01-31,o3
210,Łódź,PL,2020-01-28,o3
223,Tarnów,PL,2020-01-28,o3
224,Tarnów,PL,2020-03-23,o3
234,Gdańsk,PL,2020-03-11,o3
240,Katowice,PL,2020-01-31,o3
243,Katowice,PL,2020-01-30,pm25
253,Poznań,PL,2020-01-31,o3
264,Rybnik,PL,2020-01-31,o3
274,Rybnik,PL,2020-01-31,co
277,Szczecin,PL,2020-01-29,o3
287,Warsaw,PL,2020-01-31,o3
293,Warsaw,PL,2020-01-06,co
294,Warsaw,PL,2020-03-06,co
297,Bydgoszcz,PL,2020-01-31,o3
302,Zabrze,PL,2020-01-31,o3
303,Zabrze,PL,2020-03-21,o3
312,Wrocław,PL,2020-01-31,o3
313,Wrocław,PL,2020-04-05,o3
320,Wrocław,PL,2020-03-16,so2
324,Płock,PL,2020-01-31,o3
331,Płock,PL,2020-01-06,co
332,Płock,PL,2020-03-01,co
335,Kraków,PL,2020-01-31,o3
336,Kraków,PL,2020-03-21,o3
350,Thrissur,IN,2020-03-31,o3
354,Thrissur,IN,2020-01-29,no2
355,Thrissur,IN,2020-02-29,no2
356,Thrissur,IN,2020-03-30,no2
358,Thrissur,IN,2020-01-30,pm10
359,Thrissur,IN,2020-03-26,pm10
362,Thrissur,IN,2020-01-25,so2
365,Thrissur,IN,2020-01-20,co
366,Thrissur,IN,2020-03-06,co
367,Thrissur,IN,2020-03-31,co
371,New Delhi,IN,2020-02-27,pm25
379,Hyderabad,IN,2020-02-01,pm25
384,Hyderabad,IN,2020-03-22,no2
395,Hyderabad,IN,2020-03-07,co
399,Delhi,IN,2020-02-11,o3
403,Delhi,IN,2020-02-21,pm25
406,Delhi,IN,2020-03-22,no2
409,Delhi,IN,2020-02-21,pm10
413,Delhi,IN,2020-03-07,co
416,Chandigarh,IN,2020-01-23,o3
419,Chandigarh,IN,2020-02-21,pm25
422,Chandigarh,IN,2020-03-07,no2
424,Chandigarh,IN,2020-02-21,pm10
428,Chandigarh,IN,2020-03-27,co
435,Bhopal,IN,2020-01-17,pm25
436,Bhopal,IN,2020-03-07,pm25
439,Bhopal,IN,2020-03-07,no2
443,Bhopal,IN,2020-03-07,pm10
446,Bhopal,IN,2020-03-02,so2
451,Bhopal,IN,2020-03-05,co
452,Nagpur,IN,2020-02-24,o3
453,Nagpur,IN,2020-03-04,pm25
454,Nagpur,IN,2020-03-28,no2
455,Nagpur,IN,2020-03-11,pm10
456,Nagpur,IN,2020-03-04,so2
459,Lucknow,IN,2020-02-16,o3
462,Lucknow,IN,2020-02-21,pm25
465,Lucknow,IN,2020-03-07,no2
468,Lucknow,IN,2020-01-27,so2
470,Lucknow,IN,2020-03-02,co
473,Ghāziābād,IN,2020-02-11,o3
477,Ghāziābād,IN,2020-02-21,pm25
481,Ghāziābād,IN,2020-03-21,no2
484,Ghāziābād,IN,2020-02-21,pm10
488,Ghāziābād,IN,2020-01-27,so2
494,Hāpur,IN,2020-03-05,pm25
497,Hāpur,IN,2020-03-05,no2
500,Hāpur,IN,2020-01-05,pm10
511,Gandhinagar,IN,2020-03-08,pm25
517,Gandhinagar,IN,2020-03-25,pm10
530,Chennai,IN,2020-03-07,no2
531,Chennai,IN,2020-03-15,pm10
537,Chennai,IN,2020-01-07,co
538,Chennai,IN,2020-02-26,co
542,Nashik,IN,2020-02-07,o3
545,Nashik,IN,2020-03-05,pm25
548,Nashik,IN,2020-02-12,no2
549,Nashik,IN,2020-03-03,no2
552,Nashik,IN,2020-03-16,pm10
560,Nashik,IN,2020-03-01,co
561,Mysore,IN,2020-02-09,pm25
562,Mysore,IN,2020-01-20,no2
563,Mysore,IN,2020-01-25,so2
565,Mysore,IN,2020-03-22,co
568,Visakhapatnam,IN,2020-02-13,o3
571,Visakhapatnam,IN,2020-03-03,pm25
574,Visakhapatnam,IN,2020-03-05,pm10
581,Visakhapatnam,IN,2020-03-24,co
589,Mumbai,IN,2020-03-02,pm25
594,Mumbai,IN,2020-03-22,no2
598,Mumbai,IN,2020-03-17,pm10
601,Mumbai,IN,2020-03-27,so2
604,Mumbai,IN,2020-03-02,co
607,Jaipur,IN,2020-02-21,o3
610,Jaipur,IN,2020-03-02,pm25
612,Jaipur,IN,2020-03-22,no2
615,Jaipur,IN,2020-01-07,pm10
620,Jaipur,IN,2020-03-22,co
625,Patna,IN,2020-02-01,o3
626,Patna,IN,2020-03-22,o3
630,Patna,IN,2020-02-21,pm25
633,Patna,IN,2020-02-01,no2
634,Patna,IN,2020-03-22,no2
635,Patna,IN,2020-03-06,pm10
649,Muzaffarnagar,IN,2020-02-21,pm25
653,Muzaffarnagar,IN,2020-02-01,no2
656,Muzaffarnagar,IN,2020-02-21,pm10
669,Thiruvananthapuram,IN,2020-03-21,no2
675,Thiruvananthapuram,IN,2020-03-31,so2
677,Thiruvananthapuram,IN,2020-03-19,co
680,Bengaluru,IN,2020-02-16,o3
687,Bengaluru,IN,2020-02-21,no2
688,Bengaluru,IN,2020-03-22,no2
691,Bengaluru,IN,2020-03-27,pm10
697,Bengaluru,IN,2020-03-07,co
700,Shillong,IN,2020-02-02,o3
703,Shillong,IN,2020-01-28,no2
709,Shillong,IN,2020-02-27,so2
711,Shillong,IN,2020-02-27,co
714,Kolkata,IN,2020-03-07,o3
718,Kolkata,IN,2020-03-02,pm25
722,Kolkata,IN,2020-03-02,no2
723,Kolkata,IN,2020-03-22,no2
727,Kolkata,IN,2020-02-26,pm10
732,Kolkata,IN,2020-03-02,co
735,Fukuoka,JP,2020-03-02,o3
739,Fukuoka,JP,2020-01-06,co
742,Kanazawa,JP,2020-02-21,o3
750,Kumamoto,JP,2020-02-16,o3
755,Kumamoto,JP,2020-01-27,co
758,Akita,JP,2020-02-23,o3
767,Kochi,JP,2020-03-07,o3
775,Gifu-shi,JP,2020-02-26,o3
782,Kyoto,JP,2020-02-26,o3
790,Hiroshima,JP,2020-03-07,o3
801,Shizuoka,JP,2020-02-01,so2
807,Chiba,JP,2020-02-21,o3
810,Chiba,JP,2020-02-21,no2
815,Sapporo,JP,2020-03-12,o3
823,Sapporo,JP,2020-02-13,co
826,Yokohama,JP,2020-03-12,o3
831,Tokyo,JP,2020-03-12,o3
836,Saitama,JP,2020-03-12,o3
850,Nagasaki,JP,2020-03-02,o3
855,Toyama,JP,2020-03-12,o3
857,Toyama,JP,2020-02-11,pm25
864,Niigata,JP,2020-02-21,o3
871,Nara-shi,JP,2020-03-02,o3
881,Okayama,JP,2020-03-07,o3
888,Okayama,JP,2020-02-10,co
889,Okayama,JP,2020-03-11,co
891,Sendai,JP,2020-03-12,o3
896,Sendai,JP,2020-03-22,so2
898,Sendai,JP,2020-03-22,co
902,Osaka,JP,2020-03-02,o3
908,Miyazaki,JP,2020-02-01,o3
915,Matsuyama,JP,2020-03-13,o3
924,Wakayama,JP,2020-03-12,o3
930,Takamatsu,JP,2020-03-07,o3
941,Nagoya,JP,2020-04-01,o3
952,Kobe,JP,2020-03-12,o3
959,Nagano,JP,2020-02-23,o3
966,Utsunomiya,JP,2020-03-07,o3
972,Kagoshima,JP,2020-01-29,o3
987,Arāk,IR,2020-01-03,pm25
991,Arāk,IR,2020-02-26,so2
993,Arāk,IR,2020-03-14,co
1005,Qom,IR,2020-01-14,no2
1011,Qom,IR,2020-02-03,so2
1013,Qom,IR,2020-02-29,co
1015,Orūmīyeh,IR,2020-03-15,no2
1030,Yazd,IR,2020-02-19,co
1036,Khorramshahr,IR,2020-01-29,so2
1038,Khorramshahr,IR,2020-01-17,co
1043,Tabriz,IR,2020-02-08,no2
1045,Tabriz,IR,2020-03-14,pm10
1048,Tabriz,IR,2020-03-16,so2
1051,Tabriz,IR,2020-01-03,co
1052,Tabriz,IR,2020-03-31,co
1056,Bandar Abbas,IR,2020-01-20,no2
1059,Bandar Abbas,IR,2020-03-05,pm10
1064,Sanandaj,IR,2020-02-10,no2
1068,Sanandaj,IR,2020-01-05,so2
1073,Kermanshah,IR,2020-01-02,no2
1081,Kermanshah,IR,2020-02-08,co
1083,Khorramabad,IR,2020-01-04,pm25
1085,Khorramabad,IR,2020-01-08,no2
1087,Khorramabad,IR,2020-01-05,pm10
1089,Khorramabad,IR,2020-03-02,so2
1096,Shiraz,IR,2020-02-09,no2
1101,Zanjān,IR,2020-03-18,pm25
1103,Zanjān,IR,2020-03-04,no2
1110,Mashhad,IR,2020-03-19,pm25
1112,Mashhad,IR,2020-03-20,pm10
1115,Mashhad,IR,2020-02-13,co
1121,Tehran,IR,2020-03-08,pm25
1123,Tehran,IR,2020-02-07,no2
1125,Tehran,IR,2020-01-02,pm10
1127,Tehran,IR,2020-01-08,so2
1128,Tehran,IR,2020-02-12,so2
1132,Liège,BE,2020-03-21,o3
1139,Brussels,BE,2020-03-19,o3
1143,Brussels,BE,2020-03-15,so2
1146,Charleroi,BE,2020-03-23,o3
1152,Gent,BE,2020-01-12,o3
1159,Antwerpen,BE,2020-03-22,o3
1162,Karachi,PK,2020-03-20,pm25
1163,Peshawar,PK,2020-03-23,pm25
1165,Islamabad,PK,2020-02-29,pm25
1167,Lahore,PK,2020-01-29,pm25
1168,Eskişehir,TR,2020-02-03,o3
1169,Eskişehir,TR,2020-02-25,pm25
1170,Eskişehir,TR,2020-01-31,no2
1171,Eskişehir,TR,2020-04-05,pm10
1172,Eskişehir,TR,2020-02-05,so2
1173,Eskişehir,TR,2020-02-05,co
1176,İzmit,TR,2020-03-12,o3
1189,Bursa,TR,2020-02-20,o3
1202,Bursa,TR,2020-03-13,so2
1211,Ankara,TR,2020-03-13,no2
1217,Ankara,TR,2020-03-13,co
1224,Adana,TR,2020-02-25,no2
1232,Adana,TR,2020-01-10,so2
1236,Adana,TR,2020-02-07,co
1248,Kayseri,TR,2020-03-07,so2
1255,Kütahya,TR,2020-01-07,o3
1276,Balıkesir,TR,2020-01-04,so2
1282,Adapazarı,TR,2020-01-28,o3
1287,Adapazarı,TR,2020-03-13,no2
1296,Adapazarı,TR,2020-02-22,so2
1302,Adapazarı,TR,2020-02-17,co
1307,Trabzon,TR,2020-02-27,o3
1311,Trabzon,TR,2020-03-23,no2
1318,Trabzon,TR,2020-03-08,so2
1324,Antakya,TR,2020-01-04,so2
1330,Samsun,TR,2020-03-12,no2
1335,Samsun,TR,2020-02-12,so2
1338,Samsun,TR,2020-03-18,co
1345,İzmir,TR,2020-02-29,so2
1350,Konya,TR,2020-02-06,o3
1364,Sivas,TR,2020-03-18,pm25
1376,Sivas,TR,2020-02-25,co
1380,Istanbul,TR,2020-02-07,o3
1388,Istanbul,TR,2020-02-12,so2
1394,Istanbul,TR,2020-02-12,co
1398,Denizli,TR,2020-03-11,so2
1402,Erzurum,TR,2020-01-28,o3
1405,Erzurum,TR,2020-01-28,pm25
1408,Erzurum,TR,2020-03-18,pm10
1411,Erzurum,TR,2020-01-28,so2
1415,Erzurum,TR,2020-02-02,co
1419,Zürich,CH,2020-01-27,o3
1422,Zürich,CH,2020-01-27,no2
1423,Zürich,CH,2020-02-11,pm10
1424,Zürich,CH,2020-03-17,pm10
1429,Utrecht,NL,2020-01-26,o3
1434,Nijmegen,NL,2020-01-27,o3
1437,Haarlem,NL,2020-01-31,o3
1440,Haarlem,NL,2020-01-03,co
1441,Haarlem,NL,2020-02-25,co
1444,Eindhoven,NL,2020-01-26,o3
1448,Rotterdam,NL,2020-01-31,o3
1452,Amsterdam,NL,2020-01-31,o3
1455,Dordrecht,NL,2020-01-26,o3
1458,Breda,NL,2020-01-27,o3
1462,Groningen,NL,2020-01-26,o3
1465,Maastricht,NL,2020-01-26,o3
1469,Maastricht,NL,2020-03-17,so2
1472,The Hague,NL,2020-01-31,o3
1478,Riyadh,SA,2020-03-23,no2
1487,Jeddah,SA,2020-01-29,no2
1492,Abha,SA,2020-03-02,o3
1497,Abha,SA,2020-02-13,pm10
1507,Dammam,SA,2020-02-27,pm10
1510,Dammam,SA,2020-01-30,co
1523,Buraydah,SA,2020-02-18,pm10
1528,Mecca,SA,2020-01-29,o3
1530,Mecca,SA,2020-01-18,no2
1531,Mecca,SA,2020-03-23,no2
1541,Raleigh,US,2020-02-25,o3
1550,Boston,US,2020-02-15,o3
1553,Boston,US,2020-03-11,no2
1564,Portland,US,2020-01-11,so2
1569,Boise,US,2020-02-20,o3
1578,Boise,US,2020-03-06,co
1590,Fresno,US,2020-02-15,o3
1592,Fresno,US,2020-03-06,pm25
1595,Fresno,US,2020-03-06,no2
1599,Fresno,US,2020-03-06,pm10
1602,Fresno,US,2020-03-06,co
1605,Milwaukee,US,2020-02-05,o3
1608,Milwaukee,US,2020-03-11,co
1611,Hartford,US,2020-02-15,o3
1621,Chicago,US,2020-01-31,o3
1625,Chicago,US,2020-03-11,co
1628,Indianapolis,US,2020-02-23,o3
1631,Indianapolis,US,2020-02-26,no2
1644,Charlotte,US,2020-03-06,o3
1650,Sacramento,US,2020-03-05,pm25
1658,Oakland,US,2020-03-01,o3
1661,Oakland,US,2020-03-01,no2
1664,Oakland,US,2020-03-01,co
1667,Providence,US,2020-02-10,o3
1671,Staten Island,US,2020-02-25,o3
1676,Brooklyn,US,2020-03-11,pm25
1681,The Bronx,US,2020-02-28,o3
1686,San Jose,US,2020-02-25,o3
1688,San Jose,US,2020-03-01,no2
1693,San Jose,US,2020-03-01,co
1696,Los Angeles,US,2020-01-31,o3
1698,Los Angeles,US,2020-03-06,pm25
1701,Los Angeles,US,2020-03-06,no2
1704,Los Angeles,US,2020-03-06,pm10
1707,Los Angeles,US,2020-03-07,co
1710,Detroit,US,2020-02-06,o3
1717,Baltimore,US,2020-02-20,o3
1725,Phoenix,US,2020-02-20,o3
1728,Phoenix,US,2020-02-20,pm25
1731,Phoenix,US,2020-02-20,no2
1734,Phoenix,US,2020-03-01,co
1739,El Paso,US,2020-03-21,o3
1755,Manhattan,US,2020-02-25,o3
1761,Jacksonville,US,2020-02-04,co
1765,Las Vegas,US,2020-03-07,o3
1767,Las Vegas,US,2020-03-02,pm25
1770,Las Vegas,US,2020-03-08,no2
1774,Las Vegas,US,2020-03-09,so2
1779,Philadelphia,US,2020-02-20,o3
1799,Denver,US,2020-02-15,o3
1802,Denver,US,2020-03-01,no2
1807,Salt Lake City,US,2020-03-06,o3
1813,Salt Lake City,US,2020-03-06,no2
1817,Salt Lake City,US,2020-02-15,co
1820,Albuquerque,US,2020-03-21,o3
1825,Albuquerque,US,2020-03-06,no2
1831,San Francisco,US,2020-03-01,o3
1834,San Francisco,US,2020-03-01,no2
1837,San Francisco,US,2020-03-11,co
1851,Nashville,US,2020-02-28,o3
1856,Tucson,US,2020-03-01,o3
1860,Tucson,US,2020-02-22,no2
1866,Tucson,US,2020-03-02,co
1869,Queens,US,2020-03-01,o3
1873,Tallahassee,US,2020-01-22,so2
1874,Tallahassee,US,2020-03-23,co
1882,Beijing,CN,2020-01-26,o3
1885,Beijing,CN,2020-01-26,no2
1895,Jieyang,CN,2020-01-16,no2
1896,Jieyang,CN,2020-02-25,no2
1899,Jieyang,CN,2020-01-16,pm10
1903,Jieyang,CN,2020-01-11,so2
1908,Kunming,CN,2020-01-31,o3
1912,Kunming,CN,2020-02-15,pm25
1913,Kunming,CN,2020-01-21,no2
1914,Kunming,CN,2020-02-25,no2
1918,Kunming,CN,2020-03-11,pm10
1925,Hangzhou,CN,2020-01-25,o3
1928,Hangzhou,CN,2020-01-16,no2
1929,Hangzhou,CN,2020-03-06,no2
1932,Hangzhou,CN,2020-01-16,so2
1935,Hangzhou,CN,2020-01-31,co
1938,Chongqing,CN,2020-01-26,o3
1943,Chongqing,CN,2020-01-21,no2
1944,Chongqing,CN,2020-03-06,no2
1950,Qingdao,CN,2020-01-21,o3
1955,Qingdao,CN,2020-01-21,no2
1965,Haikou,CN,2020-01-21,no2
1971,Haikou,CN,2020-01-11,so2
3882,Ürümqi,CN,2020-01-26,o3
3886,Ürümqi,CN,2020-02-25,pm25
3889,Ürümqi,CN,2020-02-10,no2
3893,Ürümqi,CN,2020-02-10,pm10
3899,Ürümqi,CN,2020-02-10,co
3902,Qiqihar,CN,2020-02-10,o3
3906,Qiqihar,CN,2020-01-31,no2
3917,Guiyang,CN,2020-01-21,no2
3922,Guiyang,CN,2020-01-26,co
3928,Shenzhen,CN,2020-01-21,pm25
3931,Shenzhen,CN,2020-01-16,pm10
3939,Yunfu,CN,2020-01-06,pm25
3943,Yunfu,CN,2020-01-16,no2
3945,Yunfu,CN,2020-01-16,pm10
3952,Yunfu,CN,2020-01-03,co
3956,Xuchang,CN,2020-01-27,o3
3959,Xuchang,CN,2020-02-10,pm25
3962,Xuchang,CN,2020-01-26,no2
3963,Xuchang,CN,2020-03-01,no2
3970,Xuchang,CN,2020-02-05,co
3975,Yinchuan,CN,2020-01-26,o3
3978,Yinchuan,CN,2020-02-15,pm25
3981,Yinchuan,CN,2020-01-26,no2
3989,Yinchuan,CN,2020-03-06,co
3992,Shenyang,CN,2020-01-21,o3
4001,Shenyang,CN,2020-01-31,so2
4005,Lhasa,CN,2020-01-16,o3
4008,Lhasa,CN,2020-01-16,pm25
4011,Lhasa,CN,2020-01-16,no2
4014,Lhasa,CN,2020-01-16,pm10
4015,Lhasa,CN,2020-03-26,pm10
4023,Lhasa,CN,2020-02-15,co
4026,Shanghai,CN,2020-01-21,o3
4030,Shanghai,CN,2020-01-21,no2
4035,Changchun,CN,2020-01-16,o3
4040,Changchun,CN,2020-01-21,no2
4047,Changchun,CN,2020-02-10,so2
4050,Changchun,CN,2020-01-31,co
4056,Foshan,CN,2020-01-06,pm25
4059,Foshan,CN,2020-01-16,no2
4062,Foshan,CN,2020-01-16,pm10
4065,Foshan,CN,2020-01-16,so2
4068,Foshan,CN,2020-01-26,co
4074,Nanning,CN,2020-01-11,pm10
4077,Nanning,CN,2020-01-06,so2
4082,Fushun,CN,2020-01-26,o3
4085,Fushun,CN,2020-01-31,pm25
4088,Fushun,CN,2020-01-21,no2
4093,Fushun,CN,2020-01-31,so2
4099,Hefei,CN,2020-01-21,o3
4102,Hefei,CN,2020-02-05,pm25
4105,Hefei,CN,2020-01-21,no2
4107,Hefei,CN,2020-02-05,co
4110,Chengdu,CN,2020-01-21,o3
4116,Chengdu,CN,2020-01-21,no2
4117,Chengdu,CN,2020-02-20,no2
4122,Chengdu,CN,2020-01-31,co
4125,Hohhot,CN,2020-03-01,pm25
4128,Hohhot,CN,2020-01-31,no2
4133,Hohhot,CN,2020-03-01,so2
4137,Hohhot,CN,2020-02-15,co
4140,Qinhuangdao,CN,2020-01-26,o3
4143,Qinhuangdao,CN,2020-01-26,no2
4146,Qinhuangdao,CN,2020-02-10,so2
4151,Qinhuangdao,CN,2020-02-25,co
4157,Shijiazhuang,CN,2020-01-26,o3
4162,Shijiazhuang,CN,2020-01-26,no2
4172,Shijiazhuang,CN,2020-02-25,co
4181,Shantou,CN,2020-01-26,no2
4182,Shantou,CN,2020-02-25,no2
4189,Zhengzhou,CN,2020-01-26,o3
4195,Zhengzhou,CN,2020-01-26,no2
4196,Zhengzhou,CN,2020-03-01,no2
4204,Zhengzhou,CN,2020-02-05,co
4207,Nanjing,CN,2020-02-20,o3
4212,Nanjing,CN,2020-01-16,no2
4219,Xining,CN,2020-01-21,o3
4222,Xining,CN,2020-01-31,pm25
4225,Xining,CN,2020-01-26,no2
4231,Xining,CN,2020-02-25,so2
4234,Xining,CN,2020-02-15,co
4239,Xi’an,CN,2020-01-21,o3
4243,Xi’an,CN,2020-02-15,pm25
4246,Xi’an,CN,2020-01-26,no2
4247,Xi’an,CN,2020-03-01,no2
4255,Xi’an,CN,2020-03-01,co
4259,Zhuzhou,CN,2020-01-26,o3
4262,Zhuzhou,CN,2020-02-05,pm25
4266,Zhuzhou,CN,2020-01-21,no2
4269,Zhuzhou,CN,2020-01-06,pm10
4274,Zhuzhou,CN,2020-01-26,co
4277,Wuhan,CN,2020-01-24,o3
4280,Wuhan,CN,2020-02-07,pm25
4283,Wuhan,CN,2020-01-24,no2
4286,Wuhan,CN,2020-01-23,pm10
4293,Tianjin,CN,2020-01-26,no2
4303,Changzhou,CN,2020-01-26,no2
4304,Changzhou,CN,2020-02-20,no2
4311,Nanchang,CN,2020-01-21,o3
4316,Nanchang,CN,2020-01-21,no2
4319,Nanchang,CN,2020-01-06,pm10
4321,Nanchang,CN,2020-01-06,so2
4326,Nanchang,CN,2020-01-26,co
4329,Shiyan,CN,2020-02-05,pm25
4333,Shiyan,CN,2020-01-26,no2
4334,Shiyan,CN,2020-03-16,no2
4339,Shiyan,CN,2020-01-21,so2
4342,Shiyan,CN,2020-02-25,co
4343,Shiyan,CN,2020-03-21,co
4347,Xinxiang,CN,2020-01-23,o3
4353,Xinxiang,CN,2020-01-26,no2
4356,Xinxiang,CN,2020-01-26,pm10
4366,Suzhou,CN,2020-01-21,no2
4367,Suzhou,CN,2020-03-11,no2
4374,Harbin,CN,2020-01-21,o3
4378,Harbin,CN,2020-03-06,pm25
4381,Harbin,CN,2020-01-31,no2
4387,Harbin,CN,2020-02-15,so2
4390,Harbin,CN,2020-02-15,co
4393,Lanzhou,CN,2020-02-25,o3
4396,Lanzhou,CN,2020-01-31,pm25
4404,Lanzhou,CN,2020-03-01,so2
4407,Lanzhou,CN,2020-02-25,co
4410,Jinan,CN,2020-01-21,o3
4415,Jinan,CN,2020-01-26,no2
4420,Jinan,CN,2020-02-10,so2
4425,Changsha,CN,2020-01-16,o3
4429,Changsha,CN,2020-02-05,pm25
4432,Changsha,CN,2020-01-21,no2
4439,Changsha,CN,2020-01-26,co
4443,Hegang,CN,2020-01-16,o3
4452,Hegang,CN,2020-02-15,so2
4456,Anyang,CN,2020-01-26,o3
4462,Anyang,CN,2020-01-26,no2
4469,Anyang,CN,2020-02-15,co
4476,Wuxi,CN,2020-01-21,no2
4483,Taiyuan,CN,2020-01-21,o3
4490,Taiyuan,CN,2020-01-26,no2
4495,Taiyuan,CN,2020-02-25,so2
4498,Taiyuan,CN,2020-03-01,co
4503,Guangzhou,CN,2020-01-06,pm25
4505,Guangzhou,CN,2020-01-16,pm10
4507,Guangzhou,CN,2020-01-11,so2
4510,Guangzhou,CN,2020-01-26,co
4515,Fuzhou,CN,2020-01-26,no2
4516,Fuzhou,CN,2020-03-06,no2
4521,Ningbo,CN,2020-01-24,o3
4524,Ningbo,CN,2020-01-11,no2
4531,Ningbo,CN,2020-01-24,co
4545,Dongguan,CN,2020-01-16,pm25
4547,Dongguan,CN,2020-01-16,no2
4548,Dongguan,CN,2020-02-20,no2
4550,Dongguan,CN,2020-01-16,pm10
4556,Dongguan,CN,2020-01-26,co
4559,Lisbon,PT,2020-02-26,o3
4562,Lisbon,PT,2020-03-02,no2
4565,Lisbon,PT,2020-01-13,so2
4568,Funchal,PT,2020-01-23,o3
4575,Stockholm,SE,2020-03-12,o3
4586,Malmö,SE,2020-01-18,o3
4593,Salzburg,AT,2020-02-10,no2
4598,Linz,AT,2020-01-30,pm25
4601,Linz,AT,2020-03-19,no2
4604,Linz,AT,2020-01-24,so2
4607,Innsbruck,AT,2020-02-26,no2
4612,Innsbruck,AT,2020-03-11,so2
4619,Graz,AT,2020-02-25,no2
4624,Quito,EC,2020-03-19,o3
4625,Quito,EC,2020-03-13,pm25
4628,Quito,EC,2020-03-17,pm10
4629,Quito,EC,2020-03-19,so2
4632,Quito,EC,2020-03-19,co
4640,Guadalajara,MX,2020-02-20,o3
4646,Guadalajara,MX,2020-03-16,no2
4661,Cuernavaca,MX,2020-02-11,pm10
4669,Cuernavaca,MX,2020-01-17,co
4670,Cuernavaca,MX,2020-03-30,co
4686,Mexico City,MX,2020-03-23,o3
4691,Mexico City,MX,2020-03-28,no2
4698,Mexico City,MX,2020-01-22,co
4710,Morelia,MX,2020-01-23,so2
4714,Morelia,MX,2020-03-12,co
4716,Mérida,MX,2020-01-17,o3
4718,Mérida,MX,2020-03-13,co
4721,San Luis Potosí,MX,2020-03-26,o3
4724,San Luis Potosí,MX,2020-03-28,no2
4732,Monterrey,MX,2020-01-30,o3
4735,Monterrey,MX,2020-02-04,pm25
4736,Monterrey,MX,2020-01-30,no2
4738,Monterrey,MX,2020-01-30,so2
4741,Monterrey,MX,2020-02-04,co
4745,Pachuca de Soto,MX,2020-02-19,o3
4752,Pachuca de Soto,MX,2020-01-09,no2
4753,Pachuca de Soto,MX,2020-03-04,no2
4763,Tepic,MX,2020-03-17,o3
4770,Tepic,MX,2020-02-14,pm10
4778,Toluca,MX,2020-03-07,o3
4790,Toluca,MX,2020-03-17,co
4800,Aguascalientes,MX,2020-02-20,no2
4812,Oaxaca,MX,2020-03-14,pm25
4819,Oaxaca,MX,2020-02-20,so2
4823,Oaxaca,MX,2020-03-27,co
4833,Rancagua,CL,2020-01-12,pm10
4839,Rancagua,CL,2020-02-09,co
4840,Rancagua,CL,2020-02-29,co
4844,Osorno,CL,2020-03-27,pm25
4857,Calama,CL,2020-02-13,o3
4866,Calama,CL,2020-01-24,so2
4867,Calama,CL,2020-02-23,so2
4872,Calama,CL,2020-01-05,co
4894,Santiago,CL,2020-02-06,so2
4910,Talca,CL,2020-03-04,so2
4918,Concepción,CL,2020-01-17,no2
4924,Temuco,CL,2020-03-22,pm25
4931,Temuco,CL,2020-04-05,co
4934,Tours,FR,2020-02-10,o3
4939,Marseille,FR,2020-02-27,o3
4941,Marseille,FR,2020-03-17,pm25
4944,Nîmes,FR,2020-03-26,o3
4945,Nîmes,FR,2020-03-17,pm25
4948,Nîmes,FR,2020-03-21,no2
4949,Nîmes,FR,2020-03-16,pm10
4952,Besançon,FR,2020-01-27,o3
4958,Nantes,FR,2020-02-11,o3
4961,Nantes,FR,2020-02-15,no2
4964,Rennes,FR,2020-03-20,no2
4967,Toulouse,FR,2020-03-18,o3
4970,Toulouse,FR,2020-03-18,no2
4974,Nancy,FR,2020-02-10,o3
4976,Nancy,FR,2020-03-16,pm25
4982,Clermont-Ferrand,FR,2020-02-10,o3
4985,Clermont-Ferrand,FR,2020-02-25,no2
4989,Paris,FR,2020-01-26,o3
4994,Lille,FR,2020-02-09,o3
5000,Orléans,FR,2020-01-27,o3
5002,Orléans,FR,2020-03-18,pm25
5006,Montpellier,FR,2020-03-06,o3
5009,Montpellier,FR,2020-03-21,no2
5013,Lyon,FR,2020-02-25,o3
5018,Lyon,FR,2020-03-21,no2
5026,Dijon,FR,2020-02-09,o3
5029,Dijon,FR,2020-03-19,no2
5032,Rouen,FR,2020-01-26,o3
5041,Grenoble,FR,2020-02-25,o3
5046,Grenoble,FR,2020-03-16,no2
5050,Toulon,FR,2020-01-18,o3
5054,Limoges,FR,2020-03-23,o3
5055,Limoges,FR,2020-03-21,no2
5058,Caen,FR,2020-02-08,o3
5060,Perpignan,FR,2020-02-24,o3
5062,Perpignan,FR,2020-03-22,no2
5066,Bordeaux,FR,2020-02-25,o3
5071,Bordeaux,FR,2020-02-25,no2
5075,Nice,FR,2020-03-12,o3
5080,Nice,FR,2020-03-12,no2
5084,Saint-Étienne,FR,2020-02-25,o3
5085,Saint-Étienne,FR,2020-03-16,pm25
5088,Saint-Étienne,FR,2020-02-25,no2
5091,Metz,FR,2020-01-26,o3
5095,Metz,FR,2020-01-26,no2
5102,Strasbourg,FR,2020-01-26,o3
5110,Jeonju,KR,2020-03-15,o3
5124,Seoul,KR,2020-03-12,o3
5133,Seoul,KR,2020-02-16,co
5136,Busan,KR,2020-03-10,o3
5142,Sejong,KR,2020-03-10,o3
5147,Sejong,KR,2020-03-10,no2
5156,Ulsan,KR,2020-03-10,o3
5164,Yeosu,KR,2020-01-30,o3
5169,Yeosu,KR,2020-01-24,so2
5172,Gwangju,KR,2020-03-10,o3
5181,Seongnam-si,KR,2020-01-25,o3
5193,Seongnam-si,KR,2020-02-23,co
5196,Daejeon,KR,2020-03-10,o3
5201,Daejeon,KR,2020-03-10,no2
5209,Daejeon,KR,2020-02-23,co
5212,Pohang,KR,2020-02-14,o3
5218,Pohang,KR,2020-03-09,co
5221,Changwon,KR,2020-03-10,o3
5228,Suwon,KR,2020-03-10,o3
5232,Suwon,KR,2020-03-10,no2
5238,Suwon,KR,2020-02-23,co
5241,Cheongju-si,KR,2020-03-10,o3
5246,Cheongju-si,KR,2020-02-29,no2
5256,Chuncheon,KR,2020-03-10,o3
5262,Chuncheon,KR,2020-01-25,no2
5270,Chuncheon,KR,2020-02-23,co
5273,Daegu,KR,2020-03-10,o3
5276,Daegu,KR,2020-02-29,no2
5283,Daegu,KR,2020-02-18,co
5287,Jeju City,KR,2020-03-15,o3
5297,Incheon,KR,2020-03-10,o3
5305,Incheon,KR,2020-02-23,co
5308,Suncheon,KR,2020-01-30,o3
5310,Suncheon,KR,2020-01-09,so2
5320,Andong,KR,2020-03-10,o3
5332,Andong,KR,2020-01-07,so2
5336,Andong,KR,2020-03-04,co
5340,Bologna,IT,2020-02-24,o3
5343,Bologna,IT,2020-02-26,pm25
5347,Bologna,IT,2020-03-14,no2
5349,Bologna,IT,2020-02-28,pm10
5352,Livorno,IT,2020-03-10,no2
5353,Trieste,IT,2020-02-19,so2
5357,Modena,IT,2020-02-04,o3
5358,Modena,IT,2020-03-15,o3
5361,Modena,IT,2020-02-27,pm25
5364,Modena,IT,2020-01-19,no2
5365,Modena,IT,2020-03-19,no2
5367,Modena,IT,2020-02-28,pm10
5372,Prato,IT,2020-03-20,no2
5375,Florence,IT,2020-03-15,no2
5380,Florence,IT,2020-02-24,so2
5383,Naples,IT,2020-02-25,o3
5384,Naples,IT,2020-03-21,no2
5390,Naples,IT,2020-03-06,so2
5396,Rome,IT,2020-02-25,o3
5400,Rome,IT,2020-03-01,no2
5405,Turin,IT,2020-02-28,pm25
5410,Milan,IT,2020-02-22,o3
5413,Milan,IT,2020-02-27,pm25
5418,Milan,IT,2020-02-27,pm10
5425,Brescia,IT,2020-02-22,o3
5430,Brescia,IT,2020-03-20,no2
5439,Parma,IT,2020-02-04,o3
5440,Parma,IT,2020-03-15,o3
5443,Parma,IT,2020-02-29,pm25
5447,Parma,IT,2020-02-29,pm10
5450,São José dos Campos,BR,2020-01-02,o3
5460,Vitória,BR,2020-02-10,so2
5467,São Paulo,BR,2020-02-23,co
5468,Chelyabinsk,RU,2020-02-25,o3
5469,Saint Petersburg,RU,2020-03-11,o3
5470,Krasnoyarsk,RU,2020-03-07,no2
5478,Tel Aviv,IL,2020-03-18,o3
5480,Tel Aviv,IL,2020-03-13,no2
5481,Tel Aviv,IL,2020-01-02,pm10
5482,Tel Aviv,IL,2020-02-03,pm10
5486,Haifa,IL,2020-02-07,o3
5489,Haifa,IL,2020-03-13,no2
5495,Haifa,IL,2020-02-06,co
5499,Jerusalem,IL,2020-02-10,o3
5500,Jerusalem,IL,2020-03-20,no2
5504,Ashdod,IL,2020-03-17,o3
5508,Ashdod,IL,2020-03-17,no2
5511,Ashdod,IL,2020-01-27,so2
5513,Netanya,IL,2020-02-21,o3
5516,Netanya,IL,2020-03-13,no2
5519,Netanya,IL,2020-01-03,co
5522,Ashkelon,IL,2020-02-29,o3
5526,Ashkelon,IL,2020-03-10,no2
5529,Ashkelon,IL,2020-01-30,so2
5548,Lima,PE,2020-03-17,pm25
5561,Lima,PE,2020-03-29,so2
5567,Hamilton,CA,2020-02-11,o3
5570,Calgary,CA,2020-02-29,no2
5573,Calgary,CA,2020-03-10,co
5580,Halifax,CA,2020-02-18,o3
5585,Kitchener,CA,2020-01-27,o3
5593,Edmonton,CA,2020-03-20,co
5605,Mississauga,CA,2020-02-11,o3
5625,Victoria,CA,2020-02-05,so2
5626,Victoria,CA,2020-03-31,so2
5628,Montréal,CA,2020-02-16,o3
5632,Toronto,CA,2020-02-06,o3
5636,Ottawa,CA,2020-02-16,o3
5642,London,CA,2020-02-03,o3
5651,Edinburgh,GB,2020-02-10,o3
5652,Edinburgh,GB,2020-03-26,no2
5657,Norwich,GB,2020-01-26,o3
5661,Norwich,GB,2020-03-21,pm10
5673,Belfast,GB,2020-03-11,o3
5676,Belfast,GB,2020-03-12,no2
5681,Belfast,GB,2020-02-04,co
5684,Coventry,GB,2020-01-27,o3
5688,Coventry,GB,2020-02-01,no2
5692,Leeds,GB,2020-01-28,o3
5695,Leeds,GB,2020-01-27,no2
5700,Leeds,GB,2020-02-05,so2
5701,Leeds,GB,2020-03-26,so2
5706,Leeds,GB,2020-01-13,co
5709,Cardiff,GB,2020-01-27,o3
5714,Cardiff,GB,2020-01-27,no2
5718,Cardiff,GB,2020-01-22,so2
5719,Cardiff,GB,2020-03-22,so2
5725,Bristol,GB,2020-01-02,o3
5728,Bristol,GB,2020-02-01,no2
5734,Bristol,GB,2020-01-24,so2
5735,Bristol,GB,2020-03-23,so2
5740,Birmingham,GB,2020-01-02,o3
5743,Birmingham,GB,2020-02-03,so2
5745,Sheffield,GB,2020-01-02,o3
5749,Newport,GB,2020-01-27,o3
5754,Newport,GB,2020-01-24,so2
5755,Newport,GB,2020-03-23,so2
5760,Leicester,GB,2020-02-02,o3
5767,Manchester,GB,2020-01-28,o3
5776,Manchester,GB,2020-03-26,so2
5777,Reading,GB,2020-01-30,o3
5792,Preston,GB,2020-01-28,o3
5795,Preston,GB,2020-01-28,no2
5799,Swansea,GB,2020-01-27,o3
5802,Swansea,GB,2020-02-01,no2
5804,Swansea,GB,2020-01-10,so2
5808,Swansea,GB,2020-01-14,co
5809,Southend-on-Sea,GB,2020-01-28,o3
